first,last,season,country,brand,twist,partner,americas_player,season_num,year,age,age_group,zodiac,gender,race_ethnicity,biracial,biracial_one,biracial_two,occupation,occupation_category,lgbt,disability,hometown,state,appearance,last_placement,entrance_num,first_veto,otev,first_hoh,second_hoh,fifth_hoh,expelled,walked,jury,placement,hobbies,motto,hero,fav_tv_show,fav_movie,fav_actor,fav_actress,fav_music,fav_musician,fav_magazine,fav_sport,fav_color,three_adjectives,motivation,strength,weakness,comfort_item,outside_news,physical_or_mental,strategy,bb_fear,fav_sports_team,fav_food,fav_candy,fav_drink,fav_bb_hg,least_fav_bb_hg,dreaded_hg,handle_unexpected,fear,proudest_accomp
Eddie,McGee,bbus1,united_states,regular,,,,1,2000,21,twenties,pisces,male,white,no,,,entertainer,entertainment,no,yes,commack,ny,1,,8,,,,,,no,no,,1,sports,being disabled doesnt mean that you cant live a rewarding life,,,strange_brew,,,,,,basketball,,,,,,,,,,,,sub,,,,,,,,teaching_children_about_disability
Josh,Souza,bbus1,united_states,regular,,,,1,2000,23,twenties,pisces,male,white,no,,,civil_engineering_student,student,no,no,san_jose,ca,1,,6,,,,,,no,no,,2,sports,,,,love_affair,,,,,,basketball,,,,,,,,,,,,burger,,,,,,,,
Curtis,Kin,bbus1,united_states,regular,,,,1,2000,28,twenties,sagittarius,male,asian,no,,,lawyer,law,no,no,new_york_city,ny,1,,5,,,,,,no,no,,3,exercising,,,,the_princess_bride,,,classic_music,,,running,,,,,,,,,,,,burger,,,,,,,,
Jamie_Marie,Kern,bbus1,united_states,regular,,,,1,2000,22,twenties,cancer,female,white,no,,,model,fashion,no,no,seattle,wa,1,,7,,,,,,no,no,,4,pageants,carpe diem,oprah,,dead_poets_society,,,,,,dancing,,,,,,,,,,,,nachos,,,,,,,,
George,Boswell,bbus1,united_states,regular,,,,1,2000,41,fourties,libra,male,white,no,,,roofer,construction,no,no,rockford,il,1,,9,,,,,,no,no,,5,volunteering,,,,the_blues_brothers,,,,,,,,,,,,,,,,,,italian,,,,,,,,
Cassandra,Waldon,bbus1,united_states,regular,,,,1,2000,37,thirties,libra,female,black,no,,,un_communications_director,government,no,no,havre_de_grace,md,1,,1,,,,,,no,no,,6,writing,,,,james_bond,,,,,,,,,,,,,,,,,,mexican,,,,,,,,
Brittany,Petros,bbus1,united_states,regular,,,,1,2000,25,twenties,virgo,female,white,no,,,actress,entertainment,no,no,robbinsdale,mn,1,,2,,,,,,no,no,,7,traveling,,,,dangerous_liaisons,,,,,,wakeboarding,,,,,,,,,,,,mexican,,,,,,,,
Karen,Fowler,bbus1,united_states,regular,,,,1,2000,43,fourties,virgo,female,white,no,,,mother,parent,no,no,columbus,in,1,,4,,,,,,no,no,,8,exercising,,,,as_good_as_it_gets,jim_carrey,,,,,swimming,,,,,,,,,,,,,,,,,,,,
Jean,Jordan,bbus1,united_states,regular,,,,1,2000,26,twenties,leo,female,white,no,,,exotic_dancer,entertainment,no,no,roanoke,va,1,,3,,,,,,no,no,,9,outdoor_activities,,,,documentaries,,,,,,,,,,,,,,,,,,,,,,,,,,
William,Collins,bbus1,united_states,regular,,,,1,2000,27,twenties,leo,male,black,no,,,politician,government,no,no,philadelphia,pa,1,,10,,,,,,no,no,,10,chess,,,,the_matrix,,,,,,basketball,,,,,,,,,,,,philly_cheesesteak,,,,,,,,
Will,Kirby,bbus2,united_states,regular,,,,2,2001,28,twenties,capricorn,male,white,no,,,physician,health,no,no,tallahassee,fl,1,,12,,,no,no,no,no,no,finalist,1,,be desireless be excellent be gone,steve_austin,boy_meets_world,fight_club,,,,weezer,gq,watersports,black,,,,,,,,,,,sashimi,,,,,,,,
Nicole,Schaffrich,bbus2,united_states,regular,,,,2,2001,31,thirties,aquarius,female,white,no,,,personal_chef,food,no,no,atlanta,ga,1,,1,,,no,no,no,no,no,finalist,2,,believe and respect yourself and those who deserve it,be_your_own_hero,the_practice,the_exorcist,,,,pink_floyd,rolling_stone,volleyball,blue,,,,,,,,,,,vegan,,,,,,,,
Monica,Bailey,bbus2,united_states,regular,,,,2,2001,40,fourties,cancer,female,black,no,,,candy_store_manager,management,no,no,brooklyn,ny,1,,3,,,no,no,no,no,no,yes,3,,dont think of life as under pressure think of it as being interesting and fabulous,niece,will_and_grace,city_of_angels,,,,patti_labelle,good_housekeeping,softball,orange,,,,,,,,,,,soul,,,,,,,,
Hardy,Ames-Hill,bbus2,united_states,regular,,,,2,2001,31,thirties,taurus,male,white,no,,,bouncer,security,no,no,york,pa,1,,4,,,no,no,yes,no,no,yes,4,,do today what others wont so tomorrow you can do what other cant,grandfather,drew_carey,american_beauty,,,rock_alternative,the_verve,entertainment_weekly,football,orange,,,,,,,,,,,chicken,,,,,,,,
Bunky,Miller,bbus2,united_states,regular,,,,2,2001,37,thirties,virgo,male,white,no,,,technical_writer,arts,gay,no,harrisburg,nc,1,,5,,,no,no,no,no,no,yes,5,,create your own reality go with the flow and flow with the flux live and let live,bill_goldberg,will_and_grace,top_gun,,,,ricky_martin,wcw,professional_wrestling,purple,,,,,,,,,,,potatoes,,,,,,,,
Krista,Stegall,bbus2,united_states,regular,,,,2,2001,28,twenties,cancer,female,white,no,,,waitress,food,no,no,opelousas,la,1,,6,,,no,yes,no,no,no,yes,6,,always strive for the best... never settle for less,mom,the_real_world,braveheart,,,,bush,,football,blue,,,,,,,,,,,crawfish,,,,,,,,
Kent,Blackwelder,bbus2,united_states,regular,,,,2,2001,46,fourties,pisces,male,white,no,,,mortgage_broker,real_estate,no,no,powell,tn,1,,11,,,no,no,no,no,no,yes,7,,make my family proud and be good to others,ronald_reagan,aande_biography,the_green_mile,,,,eddie_money,time,golf,blue,,,,,,,,,,,steak,,,,,,,,
Mike,Malin,bbus2,united_states,regular,,,,2,2001,30,thirties,cancer,male,white,no,,,bar_owner,management,no,no,los_angeles,ca,1,,8,,,yes,no,no,no,no,yes,8,,you only live once,mom,the_practice,wall_street,,,rap,,vanity_fair,tennis,,,,,,,,,,,,pizza,,,,,,,,
Shannon,Dragoo,bbus2,united_states,regular,,,,2,2001,29,twenties,sagittarius,female,white,no,,,realtor,real_estate,no,no,san_antonio,tx,1,,2,,,no,no,no,no,no,yes,9,,always be happy,alan_greenspan,sex_and_the_city,predator,,,,fuel,popular_mechanics,,blue,,,,,,,,,,,cheese,,,,,,,,
Autumn,Daly,bbus2,united_states,regular,,,,2,2001,28,twenties,sagittarius,female,black,no,,,aspiring_singer,entertainment,no,no,irving,tx,1,,9,,,no,no,no,no,no,yes,10,,leave no stone unturned,madonna,sex_and_the_city,boys_on_the_side,,,,chante_moore,people,basketball,pink,,,,,,,,,,,pasta,,,,,,,,
Sheryl,Braxton,bbus2,united_states,regular,,,,2,2001,43,fourties,cancer,female,white,no,,,interior_designer,fashion,no,no,ponte_vedra_beach,fl,1,,10,,,no,no,no,no,no,yes,11,,live each day as though it was your last,dr_laura,family_law,bridget_joness_diary,,,,sting,southern_living,tennis,red,,,,,,,,,,,veal,,,,,,,,
Justin,Sebik,bbus2,united_states,regular,,,,2,2001,26,twenties,libra,male,white,no,,,investment_operations_associate,finance,no,no,bayonne,nj,1,,7,,,no,no,no,yes,no,no,12,,,,the_honeymooners,dumb_and_dumber,,,,smashing_pumpkins,mens_fitness,football,gray,,,,,,,,,,,italian,,,,,,,,
Lisa,Donahue,bbus3,united_states,regular,,,,3,2002,26,twenties,aquarius,female,white,no,,,bartender,food,no,no,los_angeles,ca,1,,2,no,,yes,no,no,no,no,finalist,1,outdoor_activities,be happy and love myself first,shirley_temple_black,friends,as_good_as_it_gets,jack_nicholson,meg_ryan,,remy_zero,,,,fun_loving complex full_of_emotion,get_away new_people fun be_mean,team_player sociable,intellectual_competitions,cat,radio,physical,likable,first_evicted,,,,,,,,,,
Danielle,Reyes,bbus3,united_states,regular,,,,3,2002,30,thirties,aquarius,female,black,no,,,media_buyer,advertising,no,no,fairfield,ca,1,,10,no,,no,no,no,no,no,finalist,2,exercising,it could be worse,grandmother,csi,pulp_fiction,robert_de_niro,cate_blanchett,,queen,,football,,strong_minded outgoing sassy,me_time be_a_teenager_again,always_thinking_ahead leader,not_a_follower too_liked extrovert,tv robe movies,sports,physical,innocent sly underestimated fake trust_nobody,losing,,,,,,,,,,
Jason,Guy,bbus3,united_states,regular,,,,3,2002,25,twenties,cancer,male,white,no,,,videographer,entertainment,no,no,mobile,al,1,,12,no,,no,no,no,no,no,yes,3,making_videos,there are only two things that can hinder your dreams money and your imagination if the second is great enough the first will never be a problem,parents,big_brother,moulin_rouge,tom_hanks,nicole_kidman,,delirious,,,,passionate compassionate fun,money fan,easygoing adaptable,too_nice attached,computer internet,family,average_at_both mental,relationships two_allies game_all_the_time adjust,integrity,,,,,,,,,,
Amy,Crews,bbus3,united_states,regular,,,,3,2002,24,twenties,gemini,female,white,no,,,real_estate_appraiser,real_estate,no,no,memphis,tn,1,,1,no,,no,no,no,no,no,yes,4,makeup,i never loved another person the way i loved myself,dad,the_sopranos,gone_with_the_wind,pierce_brosnan,sandra_bullock,,sarah_brightman,,,,selfish pretty vivacious,challenge,humor beauty,spoiled childish,dog,gossip,mental,being_myself get_everyone_evicted_first,isolation living_out_of_suitcase,,,,,,,,,,
Marcellas,Reynolds,bbus3,united_states,regular,,,,3,2002,32,thirties,scorpio,male,black,no,,,fashion_designer,fashion,gay,no,chicago,il,1,,5,no,,no,yes,no,no,no,yes,5,reading,first one on the cover of times wins,be_your_own_hero,law_and_order,breakfast_at_tiffanys,tom_hanks,julia_roberts,,radiohead,,,,stylish sexy beautiful,challenge new_experience new_people money,ego intelligence openness humor,ego need_for_excitement intolerance_of_ignorance_and_meanness,tv robe movies,none,mental,doing_the_unexpected turn_negative_into_positive kind truthful anything_to_win,come_off_as_stereotype,,,,,,,,,,
Roddy,Mancuso,bbus3,united_states,regular,,,,3,2002,30,thirties,taurus,male,white,no,,,writer,arts,no,no,morristown,nj,1,,8,no,,no,no,no,no,no,yes,6,outdoor_activities,,,mr_show,field_of_dreams,robert_duvall,jodie_foster,,beatles,,hockey,,,adventure,observant patient strong_minded,too_strong_minded,remote_control,family international,mental,keep_word underestimated call_out_lies risk_early_exit stay_consistent ,early_eviction,,,,,,,,,,
Gerry,Lancaster,bbus3,united_states,regular,,,,3,2002,51,fifties,capricorn,male,white,no,,,teacher,education,no,no,shadow_hills,ca,1,,3,yes,,no,no,no,no,no,yes,7,dancing,never play poker with a man named doc,grandfather,csi,the_godfather,sean_connery,jodie_foster,,u2,,,,witty competent gregarious,money challenge break,personable persuasive humor,too_trusting opinionated overbearing,tools,sports politics,both,learn_about_hgs personable like_father_and_teacher make_others_feel_safe,bad_example_for_students,,,,,,,,,,
Chiara,Berti,bbus3,united_states,regular,,,,3,2002,25,twenties,aries,female,white,no,,,marketing_representative,advertising,no,no,new_york_city,ny,1,,7,no,,no,no,yes,no,no,yes,8,friends,everything happens for a reason,911_policeman_fireman,six_feet_under,say_anything,john_cusack,julia_roberts,,limp_bizkit,,tennis,,fun_loving energetic outgoing,experience money,competitive mysterious,play_fair,bed,friends,depends,play_fair no_alliances no_favoriteswont_trust_quickly no_friends play_to_win be_honest,exposure,,,,,,,,,,
Josh,Feinberg,bbus3,united_states,regular,,,,3,2002,25,twenties,scorpio,male,white,no,,,waiter,food,no,no,queens,ny,1,,9,no,,no,no,no,no,no,yes,9,sports,dont really work but get paid for it,cat,sportscenter,willy_wonka_and_the_chocolate_factory,robert_de_niro,winona_ryder,,led_zeppelin,,golf,,hysterical swarthy hairy,money win_take_off_work_play_golf,intelligence wit ruthlessness creativity,overbearing argumentative stubborn,cat,sports,mental,creating_and_spreading_gastrointestinal_virus,first_evicted,,,,,,,,,,
Eric,Ouellette,bbus3,united_states,regular,,,,3,2002,27,twenties,taurus,male,white,no,,,firefighter,public_service,no,no,milford,ct,1,,4,no,,no,no,no,no,no,yes,10,exercising,you could die tomorrow so why not be happy today,,seinfeld,liar_liar,ben_stiller,jeanne_tripplehorn,,bob_marley,,,,confident healthy sarcastic,money,good_time adaptable,talk_too_much strange_sleeping,bed,anti_terrorism_war,physical,friends_with_everyone learn_about_hgs,revealing_strategies_in_sleep,,,,,,,,,,
Tonya,Paoni,bbus3,united_states,regular,,,,3,2002,35,thirties,aquarius,female,white,no,,,retail_sales_specialist,sales,no,no,las_vegas,nv,1,,11,no,,no,no,no,no,no,yes,11,family,life is a game its meant to be played,,howard_stern,ghost,anthony_hopkins,demi_moore,,black_crowes,,basketball,,outgoing loving sexy,winning tv,wit humor sincerity respect,mental dont_study_or_learn,children,general bb_hgs,physical,lay_low sex_appeal friends cook,what_types_of_hgs backstabbing,,,,,,,,,,
Lori,Olson,bbus3,united_states,regular,,,,3,2002,39,thirties,capricorn,female,white,no,,,bank_representative,finance,no,no,superior,wi,1,,6,no,,no,no,no,no,no,yes,12,exercising,im here for a good time not a long time,mom,saturday_night_live,scarface,al_pacino,sandra_bullock,not_rock,,,,,zealous approachable perceptive,money,positive_attitude,passionate intimidating,music,family friends,mental,lay_low_first_week soft_side situations_as_they_come,first_evicted,,,,,,,,,,
Jun,Song,bbus4,united_states,regular,x_factor,Jee,,4,2003,26,twenties,cancer,female,asian,no,,,investment_manager,finance,no,no,new_york_city,ny,1,,6,no,,no,no,no,no,no,finalist,1,shopping,what goes around really does come right back around,christopher_reeves_wife,sex_and_the_city,grease,sean_connery,annette_bening,hip_hop,u2,cosmopolitan,volleyball,,picky affectionate independent,attention money,quick_wit humor woman_power,self_centeredness too_quick_tongue girliness,bed,fashion nightlife gossip,mental,charming_men befriending_women,unfairly_portrayed,us_olympics_team,trail_mix,nestle_crunch,coke,,,,,,
Alison,Irwin,bbus4,united_states,regular,x_factor,Justin,,4,2003,22,twenties,leo,female,white,no,,,retail_sales_manager,sales,no,no,pittsburgh,pa,1,,5,no,,no,no,no,no,no,finalist,2,,irwin backwards is win-ir,britney_spears,,,,,,,,,,fun loyal outgoing,money fame,mental physical adaptable make_others_happy,big_mouth bossy,cat,friends family boyfriend miss_pa_winner,both,not_lying not_cheating not_talking_behind_backs,missing_family missing_boyfriend,,,,,,,,,,
Robert,Roman,bbus4,united_states,regular,x_factor,Erika,,4,2003,32,thirties,scorpio,male,latinx,no,,,restaurant_manager,management,no,no,los_angeles,ca,1,,13,no,,no,no,no,no,no,yes,3,sports,enjoy everyday and appreciate it,dad,threes_company,scarface,andy_garcia,daisy_fuentes,cuban,los_van_van,gq,football,,unpredictable loving adventurous,money,mental,missing_family,phone,family,both,concentrate,missing_family,lakers,brownies,snickers,none,,,,,,
Erika,Landin,bbus4,united_states,regular,x_factor,Robert,,4,2003,33,thirties,sagittarius,female,white,no,,,pilates_instructor,exercise,no,no,los_angeles,ca,1,,4,no,,no,no,no,no,no,yes,4,dancing,its the little things in life that make you happy,anyone_who_helps_others,everybody_loves_raymond,the_godfather,tom_hanks,michelle_pfeiffer,dance,coldplay,anything_with_fitness,golf,,strong competitive compassionate,winning,relatable,none,dog,none,physical,relationships secret_alliances,first_evicted,cubs,fruit,snickers,sierra_mist,,,,,,
Jee,Choe,bbus4,united_states,regular,x_factor,Jun,,4,2003,23,twenties,virgo,male,asian,no,,,bookkeeper,finance,no,no,elmhurst,ny,1,,10,no,,no,yes,no,no,no,yes,5,sports,live by respect and honor,dad,the_simpsons,braveheart,mel_gibson,charlize_theron,rnb,chicago,maxim,basketball,,friendly loyal trustworthy,money new_people,charm trustworthy,too_trusting,bed video_games,sports,physical,gain_trust _use_against_them,no_privacy,mets,chips,hersheys_almond,juice,,,,,,
Jack,Owens,bbus4,united_states,regular,x_factor,,,4,2003,58,fifties,scorpio,male,white,no,,,retired_fbi_agent,retired,no,no,birmingham,al,1,,8,no,,no,no,no,no,no,yes,6,writing,family first,john_f_kennedy,nypd_blue,pulp_fiction,tom_hanks,diane_lane,rock,bruce_springsteen,time,racquetball,,witty confident outgoing,game money,friendly people_experience,benefit_of_the_doubt,car,terrorism,mental,strong_alliances non_threatening,first_evicted,crimson_tide,pretzels,zero,gatorade,,,,,,
Justin,Giovinco,bbus4,united_states,regular,x_factor,Alison,,4,2003,22,twenties,capricorn,male,white,no,,,headhunter,business,no,no,pittsburgh,pa,1,,11,no,,no,no,yes,no,no,yes,7,outdoor_activities,work hard play hard,dad,the_sopranos,goodfellas,robert_de_niro,halle_berry,not_country,dave_matthews,maxim,golf,,athletic down_to_earth disorganized,opportunity money,sociable,women,bed,sports,physical,sincere honest focus,nasty_food week_of_pbj,sixers,chips_and_salsa,snickers,red_bull,,,,,,
Nathan,Marlow,bbus4,united_states,regular,x_factor,,,4,2003,23,twenties,libra,male,white,no,,,personal_trainer,exercise,no,no,edmond,ok,1,,2,no,,yes,no,no,no,no,yes,8,sports,live the dream,mom,friends,gladiator,arnold_schwarzenegger,michelle_pfeiffer,rock,u2,sports_illustrated,football,,exciting spontaneous competitive,good_at_it,hard_to_read,aggravated_easily,tv,the_oreilly_factor,physical,dont_burn_bridges,no_privacy,rams,ice_cream,butterfingers,pepsi,,,,,,
Dana,Varela,bbus4,united_states,regular,x_factor,,,4,2003,28,twenties,taurus,female,unknown,no,,,karate_school_manager,management,no,no,queens,ny,1,,7,yes,,no,no,no,no,no,yes,9,sports,losing is not an option,tbd,csi,forrest_gump,tom_hanks,julia_roberts,rock_and_roll,incubus,instyle,baseball,,persistent personable,money fun,personality wont_give_up non_quitting,big_mouth,bed,baseball family,both,let_others_win_for_me,none,yankees,ice_cream,3_musketeers,tea,,,,,,
David,Lane,bbus4,united_states,regular,x_factor,Michelle,,4,2003,21,twenties,capricorn,male,white,no,,,former_army_ranger,unemployed,no,no,deerfield_beach,fl,1,,3,no,,no,no,no,no,no,no,10,mechanics,lifes a bitch and shes back in heat,fred_flintstone,monster_garage,braveheart,none,none,heavy_metal,fear_factory,hot_rod,none,,who really cares,money,adaptable,,beach,brother,both,,wrestling_sumo_midget,ducks,oranges,butterfingers,water,,,,,,
Michelle,Maradie,bbus4,united_states,regular,x_factor,David,,4,2003,19,teens,libra,female,white,no,,,college_student,student,no,no,boca_raton,fl,1,,12,no,,no,no,no,no,no,no,11,dancing,live each day as if it were your last why look for mr right when you can have mr right now,parents,friends,the_sweetest_thing,paul_walker,julia_roberts,hip_hop,wallflowers,people,soccer,,fun nice genuine,experience,young smart manipulative innocent,big_mouth,bed,friends family,physical,innocent underestimated,hate_hgs,panthers,chocolate,snickers,coke,,,,,,
Amanda,Craig,bbus4,united_states,regular,x_factor,Scott,,4,2003,27,twenties,gemini,female,black,yes,black,white,bar_manager,management,no,no,chicago,il,1,,9,no,,no,no,no,no,no,no,12,friends,no regrets live life work hard have fun,parents,seinfeld,pulp_fiction,ashton_kutcher,julia_roberts,rap,none,cosmopolitan,soccer,,loving outgoing sarcastic feisty witty,why_not challenge,analyzing smart competitive fun cute,lack_of_emotion,family friends tv cheese_its cocktails,world family friends,both,always_playing,unexpected,lakers,chips,snickers,water,,,,,,
Scott,Weintraub,bbus4,united_states,regular,x_factor,Amanda,,4,2003,32,thirties,scorpio,male,white,no,,,waiter,food,no,no,chicago,il,1,,1,no,,no,no,no,yes ,no,no,13,sports,everything happens for a reason,dad,big_brother,old_school,vince_vaughn,courteney_cox,rap,morcheeba,playboy,basketball,,beat_to_own_drummer high_energy crazy,favorite_show,personality mental_toughness,hairy_back,bed,sports,mental,keyser_soze,not_enough_bathroom_time,knicks,chocolate,twix,7_up,,,,,,
Drew,Daniel,bbus5,united_states,regular,project_dna,,,5,2004,22,twenties,taurus,male,white,no,,,college_graduate,unemployed,no,no,urbana,oh,1,,6,no,,no,no,no,no,no,finalist,1,outdoor_activities,dont ask yourself what the world needs ask yourself what makes you come alive and go do that because what the world needs is people who have come alive,parents,curb_your_enthusiasm,braveheart,johnny_depp,julia_roberts,techno,maroon_5,,golf,,smart fun genuine,money,patience mental_stamina observant,women,phone,family,mental,use_enemies_to_advantage,no_trust,buckeyes,fig_newtons,rolos,lemonade,,,,,,
Michael,Ellis,bbus5,united_states,regular,project_dna,Nakomis,,5,2004,23,twenties,sagittarius,male,white,no,,,security_officer,security,no,no,durant,ok,1,,3,no,,no,no,no,no,no,finalist,2,outdoor_activities,if you want something so bad that you can taste it dont let nothing get in the way of your dreams,family,friends,bad_boys,robin_williams,julia_roberts,country,none,,basketball,,caring loving dependable,opportunity money,personality,emotions,bed,cbs,physical,head_up be_myself,friends_and_family_watching,mavericks,chips,snickers,dr_pepper,,,,,,
Diane,Henry,bbus5,united_states,regular,project_dna,,,5,2004,22,twenties,pisces,female,white,no,,,cocktail_waitress,food,no,no,burlington,ky,1,,11,no,,no,no,no,no,no,yes,3,shopping,treat people as they treat you,mom,the_sopranos,titanic,robert_de_niro,charlize_theron,rnb,eminem,,basketball,,funny confident easygoing,money tv,humor cleanliness friendly,lying,dogs,music movie celebrity pop_culture,physical,friends_with_everyone learn_about_hgs,snotty_girls,bengals,pizza,heath,mountain_dew,,,,,,
Nakomis,Dedmon,bbus5,united_states,regular,project_dna,Michael,,5,2004,21,twenties,taurus,female,white,no,,,waitress,food,no,no,san_antonio,tx,1,,8,no,,no,no,yes,no,no,yes,4,art,ill sleep when im dead coffee is god im happy with myself no matter whose skin im in,all_single_parents,forensic_files,bowling_for_columbine,none,none,rock,27,,soccer,,artistic stubborn odd,experience,funny entertaining mind_games,judgmental,clocks art_supplies,world,both,friends_with_everyone learn_about_hgs,first_evicted,none,beef_jerky,heath,juice,,,,,,
Karen,Ganci,bbus5,united_states,regular,project_dna,,,5,2004,30,thirties,capricorn,female,white,no,,,portrait_artist,arts,no,no,saddle_brook,nj,1,,12,no,,no,no,no,no,no,yes,5,art,dont piss in my ear and tell me its raining,whoever_caught_britney_lip_syncing,the_honeymooners,trading_places,angus_t_jones,doris_roberts,husbands_music,ones_that_dont_lip_sync,,anything_competitive,,creative extroverted competitive,competition,see_what_you_get tell_it_like_it_is,emotional away_from_husband,husband,politics,physical,wind_up_hgs,peanut_butter constipation,ones_with_good_sportsmanship,fruit,dove_dark,anything_diet,,,,,,
Marvin,Latimer,bbus5,united_states,regular,project_dna,,,5,2004,36,thirties,scorpio,male,black,no,,,mortician,death,no,no,conway,sc,1,,5,no,,no,yes,no,no,no,yes,6,outdoor_activities,live a life with no regrets,god,the_sopranos,pulp_fiction,denzel_washington,halle_berry,hip_hop,van_halen,,golf,,maverick mercurial dynamic,money,mental_strength fearless real,too_real,mp3,sports,mental,six_person_alliance backstab_two house_chef,not_enough_sleep not_enough_bathroom_time first_evicted,cowboys,hot_peanuts,snickers,ginger_ale,,,,,,
Adria,Klein,bbus5,united_states,regular,project_dna,Natalie,,5,2004,30,thirties,cancer,female,white,no,,,fitness_professional,exercise,no,no,birmingham,al,1,,1,no,,no,no,no,no,no,yes,7,writing,being fit is twice the fun,mom,las_vegas,,harrison_ford,julia_roberts,country,tim_mcgraw,,softball,,outgoing fit energetic,money,leader focused cook fitness,open,husband pillow,family,both,southern_hospitality charm,losing,braves,fruit,twix,tea,,,,,,
Natalie,Carroll,bbus5,united_states,regular,project_dna,Adria,,5,2004,30,thirties,cancer,female,white,no,,,fitness_professional,exercise,no,no,birmingham,al,1,,14,no,,no,no,no,no,no,yes,8,exercising,be the best that you can be,mom,home_improvement,fried_green_tomatoes,hugh_jackman,julia_roberts,country,tim_mcgraw,,softball,,open funny energetic,winning,energy attitude cook fitness,none,husband pillow,family,both,not_getting_expelled,boring_people,braves,fruit,payday,tea,,,,,,
Will,Wikle,bbus5,united_states,regular,project_dna,,,5,2004,25,twenties,sagittarius,male,white,no,,,registered_nurse,health,gay,no,tupelo,ms,1,,10,no,,no,no,no,no,no,yes,9,friends,revenge is a dish best served cold,gavin_newsom,chris_rock_show,fight_club,johnny_depp,jennifer_aniston,hip_hop,beyonce,,gymnastics,,autonomous engaging authentic,money,relatable,push_buttons stir_the_pot,phone,friends family pop_culture,both,slide_under_the_radar,none,womens_gymnastics,nachos,butterfingers,dr_pepper,,,,,,
Jase,Wirey,bbus5,united_states,regular,project_dna,,,5,2004,28,twenties,aquarius,male,white,no,,,volunteer_firefighter,public_service,no,no,decatur,il,1,,4,no,,yes,no,no,no,no,no,10,music,f them if they cant take a joke,brad_pitt,monday_night_football,meet_joe_black,brad_pitt,meg_ryan,country,whiskey_dix,,football,,crazy crazy crazy,money,too_many jk,not_revealing,dog,me,,controlled_mess,none,redskins,yogurt,none,water,,,,,,
Scott,Long,bbus5,united_states,regular,project_dna,,,5,2004,24,twenties,gemini,male,white,no,,,sales_representative,sales,no,no,pittsburgh,pa,1,,9,yes,,no,no,no,no,no,no,11,exercising,no pain no fame,anyone_who_believes_in_something,sportscenter,cocktail,paul_walker,rebecca_romijn_stamos,motivational,coldplay,,basketball,,savage outgoing relaxed,money exposure to_get_on_american_idol,open great_heart funny easy_going strong in_control,stereotyped_as_threat,pillow,sports olympics military,both,openness friendliness everyones_best_friend deceitful,unexpected,steelers,beef_jerky,none,water,,,,,,
Holly,King,bbus5,united_states,regular,project_dna,,,5,2004,26,twenties,leo,female,white,no,,,model,fashion,no,no,los_angeles,ca,1,,7,no,,no,no,no,no,no,no,12,decorating,live like a cat be sexy sneaky and have nine lives,david_hazeltine,friends,edward_scissorhands,jim_carrey,brittany_murphy,80s,no_doubt,,none,,fun funny happy,for_all_blondes money,kindness funniness happiness willingness_to_go_on_limb_for_others creative,food_issues opinionated dramatic,cat,friends cats fashion,depends,many_friends many_allies nonthreatening,poor_first_impressions people_being_judgmental close_minded_people,holly_diana_super_team,vegan,none,coffee,,,,,,
Lori,Valenti,bbus5,united_states,regular,project_dna,,,5,2004,26,twenties,scorpio,female,white,no,,,yoga_instructor,exercise,no,no,boston,ma,1,,2,no,,no,no,no,no,no,no,13,yoga,just smile,mom,er,scarface,michael_rappaport,courteney_cox,rnb,oasis,,tennis,,personable dependable happy,money,positive_attitude,messy,ice_cream,family,physical,good_player trusting_relationships being_honest,peanut_butter constipation,red_sox,ice_cream,snickers,lemonade,,,,,,
Mike,Lubinski,bbus5,united_states,regular,project_dna,,,5,2004,41,fourties,pisces,male,white,no,,,painter,arts,no,no,eastpointe,mi,1,,13,no,,no,no,no,no,no,no,14,home_improvement,its not how you play the game its whether you win or lose,george_w_bush,er,a_bronx_tale,robert_de_niro,julia_roberts,rock,acdc,,volleyball,,competitive loyal smart,money,competitive outgoing,not_exciting,ice_tea_with_realemon_lemon_juice,all rush_limbaugh,mental,agreeable friendly winning_key_competitions,time_away_from_family_and_work,lakers,baked_goods,100_grand,tea,,,,,,
Maggie,Ausburn,bbus6,united_states,regular,secret_partners,Eric,,6,2005,26,twenties,leo,female,white,no,,,emergency_room_nurse,health,no,no,las_vegas,nv,1,,8,no,,no,no,no,no,no,finalist,1,outdoor_activities,,,law_and_order,the_usual_suspects,none,none,not_heavy_metal,dave_matthews,,baseball,,,,,,,,,,,red_sox,popcorn,snickers,pepsi,,,,,,
Ivette,Corredero,bbus6,united_states,regular,secret_partners,Beau,,6,2005,25,twenties,aquarius,female,latinx,no,,,waitress,food,lesbian,no,miami,fl,1,,12,no,,no,no,no,no,no,finalist,2,shopping,,,the_l_word,pretty_women,sean_penn,brittany_murphy,hip_hop,the_killers,,softball,,,,,,,,,,,miami,ice_cream,reeses_pieces,orangina,,,,,,
Janelle,Pierzina,bbus6,united_states,regular,secret_partners,Ashlea,,6,2005,25,twenties,capricorn,female,white,no,,,vip_cocktail_waitress,food,no,no,miami_beach,fl,1,,10,no,,no,no,no,no,no,yes,3,shopping,,,sex_and_the_city,casablanca,edward_norton,charlize_theron,house,no_doubt,,cheerleading,,,,,,,,,,,vikings,yogurt,twix,water,,,,,,
April,Lewis,bbus6,united_states,regular,secret_partners,Jennifer,,6,2005,30,thirties,leo,female,white,no,,,pharmaceutical_sales_representative,sales,no,no,dallas,tx,1,,1,no,,no,no,no,no,no,yes,4,gardening,,,law_and_order_svu,meet_the_parents,tom_cruise,cameron_diaz,hip_hop,dave_matthews,,volleyball,,,,,,,,,,,texans,popcorn,snickers,sprite,,,,,,
Howie,Gordon,bbus6,united_states,regular,secret_partners,Rachel,,6,2005,34,thirties,capricorn,male,white,no,,,meteorology_student,student,no,no,chicago,il,1,,4,no,,no,no,yes,no,no,yes,5,sports,,,smallville,star_wars,arnold_schwarzenegger,salma_hayek,oldies,u2,,football,,,,,,,,,,,broncos,ice_cream,reeses_peanut_butter_cups,coke,,,,,,
Beau,Beasley,bbus6,united_states,regular,secret_partners,Ivette,,6,2005,25,twenties,sagittarius,male,black,no,,,personal_shopper,fashion,gay,no,pembroke,fl,1,,7,no,,no,no,no,no,no,yes,6,going_out,,,big_brother,clueless,matthew_mcconaughey,dakota_fanning,dance,none,,baseball,,,,,,,,,,,heat,chips_and_salsa,milky_way,martini,,,,,,
James,Rhine,bbus6,united_states,regular,secret_partners,Sarah,,6,2005,29,twenties,sagittarius,male,white,no,,,loss_prevention_manager,management,no,no,miami,fl,1,,5,no,,no,no,no,no,no,yes,7,exercising,,,chappelles_show,grosse_pointe_blank,sean_connery,eva_longoria,none,pearl_jam,,basketball,,,,,,,,,,,hurricanes,protein_bars,snickers,water,,,,,,
Rachel,Plencner,bbus6,united_states,regular,secret_partners,Howie,,6,2005,33,thirties,sagittarius,female,white,no,,,horse_breeder,animals,no,no,parker,co,1,,9,yes,,yes,no,no,no,no,yes,8,outdoor_activities,,,extreme_makeover_home_edition,practical_magic,keanu_reeves,sandra_bullock,none,barenaked_ladies,,soccer,,,,,,,,,,,broncos,oreos,snickers,juice,,,,,,
Jennifer,Vasquez,bbus6,united_states,regular,secret_partners,April,,6,2005,27,twenties,aries,female,latinx,no,,,arena_football_league_dancer,entertainment,no,no,plano,tx,1,,2,no,,no,no,no,no,no,yes,9,dancing,,,will_and_grace,vanilla_sky,johnny_depp,jennifer_aniston,top_40,maroon_5,,baseball,,,,,,,,,,,cowboys,chips,caramello,dr_pepper,,,,,,
Kaysar,Ridha,bbus6,united_states,regular,secret_partners,Michael,,6,2005,24,twenties,leo,male,middle_eastern,no,,,graphic_designer,arts,no,no,irvine,ca,1,,6,no,,no,no,no,no,no,no,10,none,,,none,none,none,penelope_cruz,none,none,,basketball,,,,,,,,,,,none,cookies,100_grand,none,,,,,,
Sarah,Hrejsa,bbus6,united_states,regular,secret_partners,James,,6,2005,23,twenties,leo,female,white,no,,,retail_manager,management,no,no,chicago,il,1,,11,no,,no,no,no,no,no,no,11,exercising,,,none,romcoms,adam_sandler,drew_barrymore,not_rap,pearl_jam,,racquetball,,,,,,,,,,,bears,fruit,reeses_peanut_butter_cups,gatorade,,,,,,
Eric,Littmann,bbus6,united_states,regular,secret_partners,Maggie,,6,2005,36,thirties,taurus,male,white,no,,,firefighter,public_service,no,no,boston,ma,1,,13,no,,no,yes,no,no,no,no,12,exercising,,,nypd_blue,the_godfather,robert_de_niro,halle_berry,not_country,creed,,hockey,,,,,,,,,,,red_sox,trail_mix,whatchamacallit,water,,,,,,
Michael,Donnellan,bbus6,united_states,regular,secret_partners,Kaysar,,6,2005,28,twenties,scorpio,male,white,no,,,artist,arts,no,no,orange_county,ca,1,,14,no,,no,no,no,no,no,no,13,art,,,the_simpsons,lord_of_the_rings,christian_bale,cate_blanchett,everything,guns_n_roses,,tennis,,,,,,,,,,,inter_milan,beef_jerky,snickers,coke,,,,,,
Ashlea,Evans,bbus6,united_states,regular,secret_partners,Janelle,,6,2005,22,twenties,taurus,female,white,no,,,fashion_design_student,student,no,no,plantation,fl,1,,3,no,,no,no,no,no,no,no,14,shopping,,,the_sopranos,mr_and_mrs_smith,sean_penn,angelina_jolie,none,black_eyed_peas,,basketball,,,,,,,,,,,knicks,fruit,snickers,crystal_light,,,,,,
Mike,Malin,bbus7,united_states,all_stars,all_stars,,,7,2006,35,thirties,cancer,male,white,no,,,restaurant_manager,management,no,no,concord,nh,2,8,13,no,no,no,no,no,no,no,finalist,1,poker,,,60_minutes,wall_street,vince_vaughn,keira_knightley,rap,jayz,,tennis,,,,,,,,,,,red_sox,spaghetti,none,coke,,,,,,
Erika,Landin,bbus7,united_states,all_stars,all_stars,,,7,2006,36,thirties,sagittarius,female,white,no,,,pilates_instructor,exercise,no,no,chicago,il,2,4,2,no,no,no,no,no,no,no,finalist,2,dancing,,,everybody_loves_raymond,the_godfather,tom_hanks,michelle_pfeiffer,none,coldplay,,softball,,,,,,,,,,,bears,fruit,snickers,sierra_mist,,,,,,
Janelle,Pierzina,bbus7,united_states,all_stars,all_stars,,,7,2006,26,twenties,capricorn,female,white,no,,,vip_cocktail_waitress,food,no,no,grand_rapids,mn,2,3,1,yes,yes,yes,no,no,no,no,yes,3,reading,,,nip_tuck,casablanca,edward_norton,charlize_theron,house,no_doubt,,dodgeball,,,,,,,,,,,lions,chips,twix,red_bull,,,,,,
Will,Kirby,bbus7,united_states,all_stars,all_stars,,,7,2006,33,thirties,capricorn,male,white,no,,,physician,health,no,no,miami,fl,2,1,14,no,no,no,no,no,no,no,yes,4,gardening,,,dr_91210,taxi_driver,neil_patrick_harris,phoebe_cats,rap,cake,,basketball,,,,,,,,,,,clippers,zone_chefs,none,fuze_slenderize,,,,,,
George,Boswell,bbus7,united_states,all_stars,all_stars,,,7,2006,47,fourties,libra,male,white,no,,,hotel_promotions,sales,no,no,rockford,il,2,5,12,no,no,no,no,no,no,no,yes,5,going_out,,,the_beverly_hillbillies,the_blues_brothers,fred_flintstone,wilma_flintstone,rock_and_roll,john_cougar_mellencamp,,badminton,,,,,,,,,,,cubs,wings,snickers,coke,,,,,,
Danielle,Reyes,bbus7,united_states,all_stars,all_stars,,,7,2006,34,thirties,aquarius,female,black,no,,,property_manager,management,no,no,vacaville,ca,2,2,9,no,no,no,no,yes,no,no,yes,6,cooking,,,deadwood,pulp_fiction,robert_de_niro,cate_blanchett,rock,queen,,basketball,,,,,,,,,,,steelers,chips,snickers,coke,,,,,,
James,Rhine,bbus7,united_states,all_stars,all_stars,,,7,2006,30,thirties,sagittarius,male,white,no,,,loss_prevention_manager,management,no,no,miami,fl,2,7,6,no,no,no,no,no,no,no,yes,7,exercising,,,mind_of_mencia,hotel_rwanda,sean_connery,sofia_vergara,none,pearl_jam,,basketball,,,,,,,,,,,hurricanes,nuts,snickers,coke,,,,,,
Howie,Gordon,bbus7,united_states,all_stars,all_stars,,,7,2006,35,thirties,capricorn,male,white,no,,,light_saber_salesman,sales,no,no,chicago,il,2,5,5,no,no,no,no,no,no,no,yes,8,exercising,,,smallville,return_of_the_dragon,arnold_schwarzenegger,jessica_alba,oldies,u2,,football,,,,,,,,,,,hurricanes,chocolate,reeses_pieces,coke,,,,,,
Marcellas,Reynolds,bbus7,united_states,all_stars,all_stars,,,7,2006,36,thirties,scorpio,male,black,no,,,celebrity_stylist,fashion,gay,no,chicago,il,2,3,11,no,no,no,no,no,no,no,yes,9,going_out,,,antm,breakfast_at_tiffanys,bow_wow,audrey_hepburn,,alicia_keys,,badminton,,,,,,,,,,,none,nuts,clif_bars,water,,,,,,
Kaysar,Ridha,bbus7,united_states,all_stars,all_stars,,,7,2006,25,twenties,leo,male,middle_eastern,no,,,graphic_designer,arts,no,no,irvine,ca,2,10,7,no,no,no,yes,no,no,no,no,10,reading,,,entourage,kingdom_of_heaven,sean_penn,reese_witherspoon,rock,guns_n_roses,,basketball,,,,,,,,,,,heat,cookies,kit_kat,juice,,,,,,
Diane,Henry,bbus7,united_states,all_stars,all_stars,,,7,2006,24,twenties,pisces,female,white,no,,,model,entertainment,no,no,cincinnati,oh,2,3,4,no,no,no,no,no,no,no,no,11,shopping,,,meerkat_manor,elephant,leonardo_dicaprio,kate_winslet,70s,christina_aguilera,,none,,,,,,,,,,,bengals,pizza,caramello,coffee,,,,,,
Jase,Wirey,bbus7,united_states,all_stars,all_stars,,,7,2006,30,thirties,aquarius,male,white,no,,,safety_director,management,no,no,taylorville,il,2,10,8,no,no,no,no,no,no,no,no,12,outdoor_activities,,,none,none,none,none,none,none,,football,,,,,,,,,,,redskins,fruit,protein_bars,water,,,,,,
Nakomis,Dedmon,bbus7,united_states,all_stars,all_stars,,,7,2006,23,twenties,taurus,female,white,no,,,hostess,food,no,no,san_antonio,tx,2,4,3,no,no,no,no,no,no,no,no,13,art,,,csi,fear_and_loathing_in_las_vegas,none,milla_jovovich,none,mono,,soccer,,,,,,,,,,,none,chips,toblerone,juice,,,,,,
Alison,Irwin,bbus7,united_states,all_stars,all_stars,,,7,2006,25,twenties,leo,female,white,no,,,medical_sales,sales,no,no,meadville,pa,2,2,10,no,no,no,no,no,no,no,no,14,dancing,,,lost,shrek,george_clooney,none,rap,neyo,,ice_skating,,,,,,,,,,,panthers,ice_cream,hersheys,water,,,,,,
Dick,Donato,bbus8,united_states,regular,rivals,Daniele,no,8,2007,44,fourties,cancer,male,white,no,,,bar_manager,management,no,no,los_angeles,ca,1,,13,no,no,no,no,no,no,no,finalist,1,outdoor_activities,,,south_park,star_wars,johnny_depp,angelina_jolie,,guns_n_roses,,football,,,,,,,,,,,jets,seafood,snickers,sprite,,,,,,
Daniele,Donato,bbus8,united_states,regular,rivals,Dick,no,8,2007,20,twenties,leo,female,white,no,,,waitress,food,no,no,huntington_beach,ca,1,,6,yes,no,no,no,yes,no,no,finalist,2,art,,,seinfeld,garden_state,jude_law,kirsten_dunst,,aqualung,,soccer,,,,,,,,,,,angels,junk,mms,water,,,,,,
Zach,Swerdzewski,bbus8,united_states,regular,rivals,,no,8,2007,30,thirties,aries,male,white,no,,,graphic_designer,arts,no,no,tallahassee,fl,1,,9,no,no,no,no,no,no,no,yes,3,outdoor_activities,,,lost,lord_of_the_rings,johnny_depp,keira_knightley,,armin_van_buuren,,scuba_diving,,,,,,,,,,,seminoles,seafood,heath,juice,,,,,,
Jameka,Cameron,bbus8,united_states,regular,rivals,,no,8,2007,28,twenties,cancer,female,black,no,,,school_counselor,education,no,no,waldorf,md,1,,5,no,no,no,no,no,no,no,yes,4,watching_tv,,,big_brother,the_notebook,omar_epps,sanaa_lathan,,john_mayer,,kickball,,,,,,,,,,,redskins,pasta,kit_kat,water,,,,,,
Eric,Stein,bbus8,united_states,regular,rivals,,yes,8,2007,27,twenties,aquarius,male,white,no,,,talent_management_assistant,business,no,no,new_york_city,ny,1,,11,no,yes,no,no,no,no,no,yes,5,watching_tv,,,scrubs,clue,john_krasinski,minka_kelly,,allister,,wiffleball,,,,,,,,,,,yankees,jello,twix,gatorade,,,,,,
Jessica,Hughbanks,bbus8,united_states,regular,rivals,Carol,no,8,2007,21,twenties,capricorn,female,white,no,,,college_student,student,no,no,haysville,ks,1,,12,no,no,no,no,no,no,no,yes,6,dancing,,,big_brother,mean_girls,dermot_mulroney,cameron_diaz,,carrie_underwood,,anything,,,,,,,,,,,kansas_state,sushi,snickers,red_bull,,,,,,
Amber,Siyavus,bbus8,united_states,regular,rivals,,no,8,2007,27,twenties,pisces,female,white,no,,,waitress,food,no,no,las_vegas,nv,1,,2,no,no,no,no,no,no,no,yes,7,sports,,,forensic_files,alpha_dog,adam_sandler,drew_barrymore,,avril_lavigne,,basketball,,,,,,,,,,,buccaneers,salad,hersheys_almond,tea,,,,,,
Jen,Johnson,bbus8,united_states,regular,rivals,,no,8,2007,23,twenties,taurus,female,white,no,,,nanny,childcare,no,no,beverly_hills,ca,1,,8,no,no,no,yes,no,no,no,yes,8,shopping,,,none,this_is_spinal_tap,josh_duhamel,jennifer_aniston,,justin_timberlake,,football,,,,,,,,,,,suns,fruit,snickers,kombucha,,,,,,
Dustin,Erikstrup,bbus8,united_states,regular,rivals,Joe,no,8,2007,22,twenties,aquarius,male,white,no,,,shoe_salesman,sales,gay,no,chicago,il,1,,14,no,no,no,no,no,no,no,yes,9,exercising,,,the_office,the_beach,joseph_fiennes,parker_posey,,fischerspooner,,frisbee,,,,,,,,,,,cubs,peanut_butter,heath,coffee,,,,,,
Kail,Harbick,bbus8,united_states,regular,rivals,,no,8,2007,37,thirties,libra,female,white,no,,,business_owner,management,no,no,mckenzie_bridge,or,1,,10,no,no,yes,no,no,no,no,no,10,work,,,big_brother,grease,tom_cruise,julia_roberts,,cher,,weightlifting,,,,,,,,,,,trailblazers,chicken,nestle_crunch,tea,,,,,,
Nick,Starcevic,bbus8,united_states,regular,rivals,,no,8,2007,25,twenties,pisces,male,white,no,,,unemployed,unemployed,no,no,kimball,mn,1,,7,no,no,no,no,no,no,no,no,11,outdoor_activities,,,sportscenter,legends_of_the_fall,mel_gibson,rachel_mcadams,,journey,,football,,,,,,,,,,,vikings,tacos,snickers,protein_shake,,,,,,
Mike,Dutz,bbus8,united_states,regular,rivals,,no,8,2007,26,twenties,leo,male,white,no,,,painting_contractor,construction,no,no,three_lakes,wi,1,,4,no,no,no,no,no,no,no,no,12,reading,,,two_and_a_half_men,gladiator,leonardo_dicaprio,mischa_barton,,the_killers,,basketball,,,,,,,,,,,packers,steak,snickers,smoothie,,,,,,
Joe,Barber,bbus8,united_states,regular,rivals,Dustin,no,8,2007,23,twenties,libra,male,white,no,,,receptionist,office,gay,no,chicago,il,1,,1,no,no,no,no,no,no,no,no,13,video_games,,,queer_as_folk,girls_will_be_girls,kevin_spacey,rose_mcgowan,,lily_allen,,volleyball,,,,,,,,,,,none,pork_chops,caramello,pepsi,,,,,,
Carol,Journey,bbus8,united_states,regular,rivals,Jessica,no,8,2007,21,twenties,pisces,female,latinx,no,,,college_student,student,no,no,lawrence,ks,1,,3,no,no,no,no,no,no,no,no,14,dancing,,,sytycd,none,orlando_bloom,eva_mendes,,matt_wertz,,softball,,,,,,,,,,,kansas,pasta,everything,juice,,,,,,
Adam,Jasinski,bbus9,united_states,winter,soulmates,Sheila,,9,2008,29,twenties,taurus,male,white,no,,,public_relations_manager,management,no,no,delray_beach,fl,1,,12,no,no,no,no,no,no,no,finalist,1,,,mom,,,,,,,,,,stylish trendsetting good_person,,,,,,,,,,,,,,,,,,clothing_label
Ryan,Quicksall,bbus9,united_states,winter,soulmates,Allison,,9,2008,27,twenties,virgo,male,white,no,,,college_student,student,no,no,columbus,oh,1,,10,no,yes,no,no,no,no,no,finalist,2,,,,,,,,,,,basketball,,intelligent easy_going funny,,,,,,,,,,,,,,,,,,
Sheila,Kennedy,bbus9,united_states,winter,soulmates,Adam,,9,2008,45,fourties,aries,female,white,no,,,former_model,unemployed,no,no,reseda,ca,1,,3,no,no,no,no,no,no,no,yes,3,,,sister,,,,,,,,,,vibrant sexy fun,,,,,,,,,,,,,,,,,,children
Sharon,Obermueller,bbus9,united_states,winter,soulmates,Jacob,,9,2008,23,twenties,cancer,female,white,no,,,real_estate_broker,real_estate,no,no,olathe,ks,1,,7,no,no,no,no,no,no,no,yes,4,socializing,,,friends,the_break_up,,,,,vogue,,,loud dramatic over_the_top,,,,,,,,,panthers,,,,,,,,,
Natalie,Cunial,bbus9,united_states,winter,soulmates,Matt,,9,2008,28,twenties,scorpio,female,white,no,,,bikini_barista,food,no,no,salem,or,1,,1,yes,no,no,no,no,no,no,yes,5,pageants,,god,,,,,,,,,,,,,,,,,,,,,,coffee,,,,,,pageant
James,Zinkland,bbus9,united_states,winter,soulmates,Chelsia,,9,2008,21,twenties,scorpio,male,white,no,,,cyclist,exercise,bisexual,no,sarasota,fl,1,,14,no,no,no,yes,yes,no,no,yes,6,,,family,,fight_club,,,,the_clash,,,,insane crazy multiple_personalities,,,,,,,,,,,,,,,,,,
Joshuah,Welch,bbus9,united_states,winter,soulmates,Neil,,9,2008,25,twenties,gemini,male,white,no,,,advertising_media_buyer,advertising,gay,no,dallas,tx,1,,9,no,no,no,no,no,no,no,yes,7,,,,,,,,,,,football,,,,,,,,,,,,,,,,,,,snakes,
Chelsia,Hart,bbus9,united_states,winter,soulmates,James,,9,2008,21,twenties,scorpio,female,white,no,,,college_student,student,no,no,cedar_falls,ia,1,,5,no,no,no,yes,no,no,no,yes,8,dancing,,,big_brother,american_beauty,,,,tool,,football,,wild sincere competitive,,,,,,,,,,,,,,,,,,
Matt,McDonald,bbus9,united_states,winter,soulmates,Natalie,,9,2008,23,twenties,aries,male,white,no,,,roofing_foreman,construction,no,no,charlestown,ma,1,,15,yes,no,no,no,no,no,no,yes,9,,,,entourage,blow,,,hip_hop,jayz,maxim,basketball,,handsome spontaneous charming,,sweet_talker,,,,,,,red_sox,,,,,,,,,
Allison,Nichols,bbus9,united_states,winter,soulmates,Ryan,,9,2008,28,twenties,leo,female,white,no,,,pharmaceutical_sales_representative,sales,no,no,boston,ma,1,,4,no,no,no,no,no,no,no,no,10,exercising,,,,,,,,,,,,confident agile sexy,,,,,,,,,,,,,,,,,,
Alex,Coladonato,bbus9,united_states,winter,soulmates,Amanda,,9,2008,24,twenties,leo,male,white,no,,,dj_company_owner,management,no,no,staten_island,ny,1,,11,no,no,yes,no,no,no,no,no,11,dancing,,dad,,wedding_crashers,,,mainstream,,maxim,hockey,,,,,,,,,,,,,,,,,,,,
Amanda,Hansen,bbus9,united_states,winter,soulmates,Alex,,9,2008,23,twenties,leo,female,white,no,,,paralegal,law,no,no,fridley,mn,1,,6,no,no,yes,no,no,no,no,no,12,cooking,,family,,,,,,,,football,,,,,,,,,,,,,,,,,,,,
Jen,Diturno,bbus9,united_states,winter,soulmates,Parker,,9,2008,26,twenties,libra,female,white,no,,,bartender,food,no,no,columbus,oh,1,,2,no,no,no,no,no,no,no,no,13,shopping,,,big_brother,blade,,,,,in_touch,cheerleading,,energetic adventurous beautiful,,,,,,,,,,,,,,,,,,
Parker,Somerville,bbus9,united_states,winter,soulmates,Jen,,9,2008,26,twenties,aries,male,black,no,,,paparazzo,entertainment,no,no,northridge,ca,1,,8,no,no,no,no,no,no,no,no,14,socializing,,,weeds,american_beauty,,,,,,,,inappropriate unpredictable authentic,,,,,,,,,,,,,,,,,,losing_weight
Neil,Garcia,bbus9,united_states,winter,soulmates,Joshuah,,9,2008,29,twenties,virgo,male,latinx,no,,,realtor,real_estate,gay,no,los_angeles,ca,1,,13,no,no,no,no,no,no,yes,no,15,outdoor_activities,,mom,,,,,,,,dodgeball,,loyal outgoing energetic,,,,,,,,,,,,,,,,,,
Jacob,Heald,bbus9,united_states,winter,soulmates,Sharon,,9,2008,23,twenties,taurus,male,white,no,,,electrician,construction,no,no,dallas,ga,1,,16,no,no,no,no,no,no,no,no,16,outdoor_activities,,,monday_night_football,the_rock,,,,,,football,,funny energetic caring,,,,,,,,,,,,,,,,,,marine_corps
Dan,Gheesling,bbus10,united_states,regular,,,yes,10,2008,24,twenties,virgo,male,white,no,,,catholic_school_teacher,education,no,no,dearborn,mi,1,,5,no,,no,no,no,no,no,finalist,1,sports,,,,the_godfather,,,alternative,frank_sinatra,,football,black,,,,,,,,,,,sushi,,,,,,,,
Memphis,Garrett,bbus10,united_states,regular,,,no,10,2008,25,twenties,sagittarius,male,white,no,,,mixologist,food,no,no,los_angeles,ca,1,,8,no,,no,no,no,no,no,finalist,2,exercising,,mom,entourage,,,,,johnny_cash,,basketball,,outgoing energetic active,,,,,,,,,,seafood,,,,,,,,
Jerry,MacDonald,bbus10,united_states,regular,,,no,10,2008,75,seventies,pisces,male,white,no,,,retired_marketing_executive,retired,no,no,magnolia,tx,1,,13,no,,yes,no,no,no,no,yes,3,,,military,big_brother,the_ten_commandments,,,rock_and_roll,elvis_presley,,golf,,touchy fair considerate,,,,,,,,,,,,,,,,,,
Keesha,Smith,bbus10,united_states,regular,,,no,10,2008,29,twenties,leo,female,white,no,,,waitress,food,no,no,burbank,ca,1,,6,no,,no,no,no,no,no,yes,4,shopping,you only live once so have some fun,parents,the_golden_girls,thelma_and_louise,,,everything,,,baseball,,,,,,,,,,,,pizza,,,,,,,,making_own_name
Renny,Martyn,bbus10,united_states,regular,,,no,10,2008,53,fifties,leo,female,white,no,,,beauty_salon_owner,management,no,no,new_orleans,la,1,,2,no,,no,no,no,no,no,yes,5,socializing,,parents,,,,,soul,,,,,vivacious witty passionate,,,,,,,,,,,,,,,,,,nfl_dancer
Bryan,Ollie,bbus10,united_states,regular,,,no,10,2008,27,twenties,libra,male,black,no,,,marketing_sales_representative,sales,no,no,bloomington,mn,1,,12,no,,no,no,no,no,no,yes,6,exercising,,dad,,,,,hip_hop,,,football,,animated energetic good_looking,,,,,,,,,,,,,,,,,,scholarship
Michelle,Costa,bbus10,united_states,regular,,,no,10,2008,28,twenties,capricorn,female,portuguese,no,,,real_estate_broker,real_estate,no,no,cumberland,ri,1,,10,no,,no,no,yes,no,no,yes,7,dancing,,,,,,,hip_hop,,,football,,crazy funny outgoing,,,,,,,,,,portuguese,,,,,,,,champion_runner
April,Dowling,bbus10,united_states,regular,,,no,10,2008,30,thirties,aries,female,white,no,,,financial_manager,finance,no,no,higley,az,1,,1,no,,no,no,no,no,no,yes,8,sports,,,,dumb_and_dumber,,,everything,madonna,cosmopolitan,football,,outgoing competitive attractive,,,,,,,,,cornhuskers,pasta,,,,,,,,college
Libra,Thompson,bbus10,united_states,regular,,,no,10,2008,31,thirties,leo,female,black,no,,,human_resources_representative,office,no,no,spring,tx,1,,7,no,,no,no,no,no,no,yes,9,shopping,,oprah,,,jude_law,,,,,volleyball,,intuitive spunky,,,,,,,,,,,,,,,,,,children
Jessie,Godderz,bbus10,united_states,regular,,,no,10,2008,22,twenties,taurus,male,white,no,,,professional_bodybuilder,exercise,no,no,rudd,ia,1,,4,yes,,no,yes,no,no,no,no,10,exercising,,dad,,,,,hip_hop,kanye_west,,baseball,,personable confrontational flirt,,,,,,,,,,pancakes,,,,,,,,champion_body_building
Angie,Swindell,bbus10,united_states,regular,,,no,10,2008,29,twenties,cancer,female,asian,no,,,pharmaceutical_sales_representative,sales,no,no,orlando,fl,1,,3,no,,no,no,no,no,no,no,11,exercising,,,,the_notebook,,,,,,football,,wild entertaining funny,,,,,,,,,gators,,,,,,,,,champion_chugger
Steven,Daigle,bbus10,united_states,regular,,,no,10,2008,35,thirties,gemini,male,white,no,,,rodeo_competitor,animals,gay,no,the_woodlands,tx,1,,11,no,,no,no,no,no,no,no,12,outdoor_activities,,chris_ledoux,heroes,,,,,,,,,spontaneous outgoing outrageous,,reading_people manipulation,,,,,,,,,,,,,,,,college
Brian,Hart,bbus10,united_states,regular,,,no,10,2008,27,twenties,leo,male,white,no,,,telecommunication_manager,management,no,no,san_francisco,ca,1,,9,no,,no,no,no,no,no,no,13,,,family,,,,,classic_rock,led_zeppelin,maxim,baseball,,,,,,,,,,,,italian,,,,,,,,
Hayden,Moss,bbus12,united_states,regular,saboteur,,no,12,2010,24,twenties,gemini,male,white,no,,,college_student,student,no,no,tempe,az,1,,12,no,no,yes,no,no,no,no,finalist,1,outdoor_activities,hang loose,,,,,,,,,,,outgoing athletic charming,,,,,,,,,,,,,,,messy,hard_without_allies,flying,college_sports
Lane,Elenburg,bbus12,united_states,regular,saboteur,,no,12,2010,24,twenties,libra,male,white,no,,,oil_rig_salesman,sales,no,no,decatur,tx,1,,8,no,no,no,no,no,no,no,finalist,2,exercising,be successful at everything you attempt,,,,,,,,,,,funny outgoing athletic,,,,,,,not_revealing,sharing_bathroom,,,,,memphis,,annoying,already_living_unexpected,electric_fences,college_sports
Enzo,Palumbo,bbus12,united_states,regular,saboteur,,no,12,2010,32,thirties,capricorn,male,white,no,,,insurance_adjuster,business,no,no,bayonne,nj,1,,9,no,yes,no,no,no,no,no,yes,3,sports,with great risk comes great reward,,,,,,,,,,,funny likeable obnoxious,,,,,,,winning,no_tv,,,,,justin_bb1,,dirty,can_handle_anything,rats,real_estate_license
Britney,Haynes,bbus12,united_states,regular,saboteur,,no,12,2010,22,twenties,leo,female,white,no,,,hotel_sales_manager,management,no,no,huntington,ar,1,,2,no,no,no,no,no,no,no,yes,4,traveling,never regret anything that made you smile,,,,,,,,,,,argumentative comedic opinionated,,,,,,,pretend_nice elusive,sharing_bathroom,,,,,janelle dr_will,,egomaniacs,can_handle_anything,birds,
Ragan,Fox,bbus12,united_states,regular,saboteur,,yes,12,2010,34,thirties,taurus,male,white,no,,,college_professor,education,gay,no,west_hollywood,ca,1,,3,no,no,no,no,no,no,no,yes,5,writing,treat others how you want to be treated,,,,,,,,,,,funny genuine intelligent,,,,,,,float secret_alliance_two_weeks_in dont_win_too_many_comps,not_holding_grudges,,,,,janelle,boogie chima,homophobes,adapt,heights,published_poetry
Brendon,Villegas,bbus12,united_states,regular,saboteur,,no,12,2010,30,thirties,cancer,male,latinx,yes,white,latinx,high_school_swim_coach,coach,no,no,riverside,ca,1,,4,yes,no,no,no,no,no,no,yes,6,sports,make a large impression on this planet after youre gone,,,,,,,,,,,fun driven intelligible,,,,,,,girls turn_against_each_ther,no_privacy,,,,,dr_will,,mean,,scorpions,scholarship
Matt,Hoffman,bbus12,united_states,regular,saboteur,,no,12,2010,32,thirties,leo,male,white,no,,,web_designer,stem,no,no,elgin,il,1,,13,no,no,no,no,yes,no,no,yes,7,music,i dont want the world i just want your half,,,,,,,,,,,intelligent creative sweet_talker,,,,,,,no_emotions,no_outside_news,,,,,dr_will dan,,introverts,adapt,failure,band
Kathy,Hillis,bbus12,united_states,regular,saboteur,,no,12,2010,40,fourties,taurus,female,white,no,,,deputy_sheriff,public_service,no,no,texarkana,ar,1,,7,no,no,no,no,no,no,no,yes,8,outdoor_activities,never give up never give in and never use the word defeat,,,,,,,,,,,tenacious passionate fun_loving,,,,,,,be_myself have_fun,missing_loved_ones,,,,,,chima,all_women,,snakes,surviving_cancer
Rachel,Reilly,bbus12,united_states,regular,saboteur,,no,12,2010,25,twenties,libra,female,white,no,,,cocktail_waitress,food,no,no,las_vegas,nv,1,,1,no,no,no,yes,no,no,no,yes,9,outdoor_activities,try everything out the world has to offer and always keep a smile on your face,,,,,,,,,,,bubbly effervescent adventurous,,,,,,,hustle,no_privacy,,,,,laura_bb11,,negative,welcome_it,spiders,
Kristen,Bitting,bbus12,united_states,regular,saboteur,,no,12,2010,24,twenties,capricorn,female,white,no,,,boutique_manager,management,no,no,philadelphia,pa,1,,11,no,no,no,no,no,no,no,no,10,exercising,grab life by the balls,,,,,,,,,,,strong_minded motivated kind_hearted,,,,,,,be_myself,being_misunderstood,,,,,braden_bb11,,average,already_living_unexpected,failure,independence
Andrew,Gordon,bbus12,united_states,regular,saboteur,,no,12,2010,39,thirties,taurus,male,white,no,,,podiatrist,health,no,no,miami_beach,fl,1,,5,no,no,no,no,no,no,no,no,11,video_games,live for today because tomorrow will be yesterday soon,,,,,,,,,,,stubborn spontaneous sneaky,,,,,,,kaysar dr_will george russell_survivor,no_tv,,,,,marvin_bb5,holly_bb5,politicans,bring_it,snakes,children
Monet,Stunson,bbus12,united_states,regular,saboteur,,no,12,2010,24,twenties,virgo,female,black,yes,black,white,model,fashion,no,no,glen_carbon,il,1,,10,no,no,no,no,no,no,no,no,12,shopping,live life with no regrets,,,,,,,,,,,exotic active coolest,,,,,,,none_yet need_to_meet_hgs,no_privacy,,,,,jordan_bb11,,ditsy_girls ego_guys,already_living_unexpected,nothing,on_tv
Annie,Whittington,bbus12,united_states,regular,saboteur,,no,12,2010,27,twenties,pisces,female,white,no,,,bartender,food,bisexual,no,tampa,fl,1,,6,no,no,no,no,no,no,no,no,13,outdoor_activities,when life gives you lemons say f the lemons and bail,,,,,,,,,,,outgoing over_dramatic loyal,,,,,,,be_myself,stuck_inside,,,,,evel_dick,jerry_bb10,racists,already_living_unexpected,getting_old,independence